{
    "name": "root",
    "gauges": {
        "Miner.Policy.Entropy.mean": {
            "value": 0.5059433579444885,
            "min": 0.4591901898384094,
            "max": 0.5851336717605591,
            "count": 369
        },
        "Miner.Policy.Entropy.sum": {
            "value": 60668.6796875,
            "min": 27665.373046875,
            "max": 70239.4453125,
            "count": 369
        },
        "Miner.Environment.LessonNumber.hitsNeeded.mean": {
            "value": 2.0,
            "min": 0.0,
            "max": 2.0,
            "count": 369
        },
        "Miner.Environment.LessonNumber.hitsNeeded.sum": {
            "value": 2.0,
            "min": 0.0,
            "max": 2.0,
            "count": 369
        },
        "Miner.Step.mean": {
            "value": 59999960.0,
            "min": 48959981.0,
            "max": 59999960.0,
            "count": 369
        },
        "Miner.Step.sum": {
            "value": 59999960.0,
            "min": 48959981.0,
            "max": 59999960.0,
            "count": 369
        },
        "Miner.Policy.ExtrinsicValueEstimate.mean": {
            "value": 0.013961013406515121,
            "min": 0.0014379062922671437,
            "max": 0.024128807708621025,
            "count": 369
        },
        "Miner.Policy.ExtrinsicValueEstimate.sum": {
            "value": 7.106155872344971,
            "min": 0.7592145204544067,
            "max": 12.257433891296387,
            "count": 369
        },
        "Miner.Environment.EpisodeLength.mean": {
            "value": 306.97938144329896,
            "min": 214.58620689655172,
            "max": 344.9886363636364,
            "count": 369
        },
        "Miner.Environment.EpisodeLength.sum": {
            "value": 119108.0,
            "min": 49784.0,
            "max": 122544.0,
            "count": 369
        },
        "Miner.Self-play.ELO.mean": {
            "value": -638.3357373293031,
            "min": -672.9014840353873,
            "max": 1212.5495591719696,
            "count": 369
        },
        "Miner.Self-play.ELO.sum": {
            "value": -43406.830138392615,
            "min": -48263.96858596505,
            "max": 136387.02735070858,
            "count": 369
        },
        "Miner.Environment.CumulativeReward.mean": {
            "value": 0.40431803409770434,
            "min": 0.35823235985371144,
            "max": 0.5089915239065885,
            "count": 369
        },
        "Miner.Environment.CumulativeReward.sum": {
            "value": 39.62316734157503,
            "min": 29.30579261109233,
            "max": 63.62394048832357,
            "count": 369
        },
        "Miner.Policy.ExtrinsicReward.mean": {
            "value": 0.40431803409770434,
            "min": 0.35823235985371144,
            "max": 0.5089915239065885,
            "count": 369
        },
        "Miner.Policy.ExtrinsicReward.sum": {
            "value": 39.62316734157503,
            "min": 29.30579261109233,
            "max": 63.62394048832357,
            "count": 369
        },
        "Miner.Losses.PolicyLoss.mean": {
            "value": 0.020940843385324117,
            "min": 0.0175705091100503,
            "max": 0.02975813713662016,
            "count": 369
        },
        "Miner.Losses.PolicyLoss.sum": {
            "value": 0.06282253015597235,
            "min": 0.022968466770059117,
            "max": 0.08927441140986048,
            "count": 369
        },
        "Miner.Losses.ValueLoss.mean": {
            "value": 0.00036503298001156907,
            "min": 0.0003278316503080229,
            "max": 0.006721922287639851,
            "count": 369
        },
        "Miner.Losses.ValueLoss.sum": {
            "value": 0.0010950989400347073,
            "min": 0.0006745813404753183,
            "max": 0.006721922287639851,
            "count": 369
        },
        "Miner.Policy.LearningRate.mean": {
            "value": 5.504831501722671e-08,
            "min": 5.504831501722671e-08,
            "max": 5.521182659608503e-05,
            "count": 369
        },
        "Miner.Policy.LearningRate.sum": {
            "value": 1.6514494505168013e-07,
            "min": 1.6514494505168013e-07,
            "max": 0.00016532754489089998,
            "count": 369
        },
        "Miner.Policy.Epsilon.mean": {
            "value": 0.10001831611111112,
            "min": 0.10001831611111112,
            "max": 0.11840391500000001,
            "count": 369
        },
        "Miner.Policy.Epsilon.sum": {
            "value": 0.30005494833333335,
            "min": 0.11840391500000001,
            "max": 0.3551091,
            "count": 369
        },
        "Miner.Policy.Beta.mean": {
            "value": 1.0913973944444523e-05,
            "min": 1.0913973944444523e-05,
            "max": 0.0009283553585000003,
            "count": 369
        },
        "Miner.Policy.Beta.sum": {
            "value": 3.274192183333357e-05,
            "min": 3.274192183333357e-05,
            "max": 0.0027799440900000004,
            "count": 369
        },
        "Miner.IsTraining.mean": {
            "value": 1.0,
            "min": 1.0,
            "max": 1.0,
            "count": 369
        },
        "Miner.IsTraining.sum": {
            "value": 1.0,
            "min": 1.0,
            "max": 1.0,
            "count": 369
        }
    },
    "metadata": {
        "timer_format_version": "0.1.0",
        "start_time_seconds": "1685105593",
        "python_version": "3.9.15 | packaged by conda-forge | (main, Nov 22 2022, 08:45:29) \n[GCC 10.4.0]",
        "command_line_arguments": "/home/ec2-user/anaconda3/envs/pytorch_p39/bin/mlagents-learn config.yaml --run-id=601 --env=builds/build5/build5.x86_64 --no-graphics --num-envs=2 --resume",
        "mlagents_version": "0.30.0",
        "mlagents_envs_version": "0.30.0",
        "communication_protocol_version": "1.5.0",
        "pytorch_version": "1.11.0+cu102",
        "numpy_version": "1.21.2",
        "end_time_seconds": "1685236153"
    },
    "total": 130560.07145135896,
    "count": 1,
    "self": 0.8330603039357811,
    "children": {
        "run_training.setup": {
            "total": 0.035893265972845256,
            "count": 1,
            "self": 0.035893265972845256
        },
        "TrainerController.start_learning": {
            "total": 130559.20249778905,
            "count": 1,
            "self": 903.7535825953819,
            "children": {
                "TrainerController._reset_env": {
                    "total": 0.9824289861135185,
                    "count": 9,
                    "self": 0.9824289861135185
                },
                "TrainerController.advance": {
                    "total": 129654.34726417263,
                    "count": 11025707,
                    "self": 1222.6840350244893,
                    "children": {
                        "env_step": {
                            "total": 121672.6756778158,
                            "count": 11025707,
                            "self": 23936.35955878673,
                            "children": {
                                "SubprocessEnvManager._take_step": {
                                    "total": 97493.35134117375,
                                    "count": 11085297,
                                    "self": 4262.843250470818,
                                    "children": {
                                        "TorchPolicy.evaluate": {
                                            "total": 93230.50809070293,
                                            "count": 44211400,
                                            "self": 93230.50809070293
                                        }
                                    }
                                },
                                "workers": {
                                    "total": 242.96477785531897,
                                    "count": 11025707,